"metric","value"
"accuracy",0.821342925659472
"auc",0.887118185105801
