"metric","value"
"accuracy",0.826513213981245
"auc",0.873287870286787
